grid_x,grid_y,latitude,longitude,elevation_m,land_cover,terrain_penalty,rssi_dbm,snr_db,pdr,path_loss_db
0,0,51.51690759255387,-0.15377996631350777,30.0,50,0.95,-120.0,-10.0,0.0,120.0
0,1,51.514492816282775,-0.14895272172876242,32.0,50,0.95,-120.0,-10.0,0.0,120.0
0,2,51.51207784191688,-0.1441259889421053,29.0,50,0.95,-120.0,-10.0,0.0,120.0
0,3,51.509662669494304,-0.1392997678969687,34.0,50,0.8,-120.0,-10.0,0.0,120.0
0,4,51.50724729905322,-0.13447405853677707,27.0,10,0.7,-120.0,-10.0,0.0,120.0
0,5,51.50483173063172,-0.1296488608049471,10.0,10,0.6,-120.0,-10.0,0.0,120.0
0,6,51.50241596426794,-0.1248241746448877,16.0,50,0.95,-120.0,-10.0,0.0,120.0
0,7,51.5,-0.12,5.0,80,0.0,-120.0,-10.0,0.0,120.0
0,8,51.497583837866,-0.1151763368136774,7.0,50,0.95,-120.0,-10.0,0.0,120.0
0,9,51.49516747790404,-0.11035318502930556,7.0,50,0.8,-120.0,-10.0,0.0,120.0
0,10,51.49275092015221,-0.10553054459026243,1.0,50,0.95,-120.0,-10.0,0.0,120.0
0,11,51.49033416464864,-0.10070841543991817,6.0,50,0.8,-120.0,-10.0,0.0,120.0
0,12,51.487917211431345,-0.09588679752163529,6.0,50,0.95,-120.0,-10.0,0.0,120.0
0,13,51.485500060538456,-0.09106569077876855,5.0,50,0.95,-120.0,-10.0,0.0,120.0
0,14,51.48308271200802,-0.08624509515466511,3.0,50,0.95,-120.0,-10.0,0.0,120.0
1,0,51.52405044845513,-0.14449955056551864,37.0,50,0.95,-92.45051635758892,5.475174995190998,0.6543043846340222,106.33140272122526
1,1,51.52163567251354,-0.13967154841315052,36.0,50,0.95,-94.02419760322238,5.486510095140067,0.6545094669667972,107.90508396685871
1,2,51.5192206984264,-0.13484405827013976,32.0,50,0.95,-93.10212674026181,4.719044243018334,0.6404973739445416,106.98301310389816
1,3,51.51680552623187,-0.13001708007988952,39.0,50,0.8,-92.65877915728923,5.569838215304218,0.6560153282122747,106.53966552092555
1,4,51.51439015596812,-0.12519061378579524,31.0,50,0.95,-94.49844270680298,4.525953779641841,0.6369328203425665,108.44373932684955
1,5,51.511974587673286,-0.1203646593312446,30.0,50,0.8,-92.81177863167107,4.1108148710014625,0.6292183966083126,106.79154378318621
1,6,51.50955882138549,-0.11553921665961739,3.0,80,0.0,-90.27124982546691,2.030712571497131,0.8596378139277769,104.33024982546692
1,7,51.50714285714287,-0.11071428571428572,10.0,50,0.8,-95.67019635756402,2.4465246432446115,0.5976593852273127,109.64199938786702
1,8,51.50472669498355,-0.10588986643861392,12.0,50,0.95,-90.50274808950087,3.3624310713387926,0.6151457370482923,104.51522103322375
1,9,51.50231033494564,-0.10106595877595857,6.0,50,0.8,-89.99116120611849,3.2923961952756913,0.6138184715511834,103.9094528727851
1,10,51.499893777067264,-0.09624256266966849,9.0,50,0.95,-90.73761545195002,3.850089248659836,0.6243391854677811,104.69063529321984
1,11,51.497477021386544,-0.0914196780630848,4.0,50,0.8,-88.3352551154771,4.934850747053512,0.6444629932330536,102.25500385285076
1,12,51.49506006794155,-0.08659730489954089,5.0,10,0.7,-91.45341187007871,4.806124709155224,0.749494613300118,105.47033688950368
1,13,51.49264291677038,-0.0817754431223624,6.0,50,0.95,-89.46094254977481,4.213693936739165,0.6311365021884936,103.37923421644142
1,14,51.490225567911125,-0.07695409267486734,3.0,50,0.95,-88.14487727060524,4.133539304608788,0.6296424304467833,102.11137925473219
2,0,51.53119330435598,-0.13521913700523364,29.0,50,0.95,-95.64300327123856,3.6377575850211867,0.6203468317344992,109.58829989128512
2,1,51.52877852874399,-0.13039037697236772,26.0,50,0.95,-95.2016415186121,2.8595576280315824,0.6055786302127812,109.14693813865868
2,2,51.52636355493571,-0.12556212916024354,29.0,50,0.95,-95.2716828433005,3.1275700652696976,0.6106881173206848,109.3313127966804
2,3,51.52394838296931,-0.12073439351223524,31.0,10,0.6,-97.32735784068869,1.8749205038833727,0.6584148187086708,111.53679587487672
2,4,51.521533012882955,-0.1159071699717092,27.0,50,0.95,-94.550278423374,3.056787279958602,0.6093409985183793,108.49557504342057
2,5,51.51911744471479,-0.11108045848202401,32.0,50,0.8,-94.18480482222029,4.425298580674145,0.6350686585447556,108.22898023014568
2,6,51.51670167850301,-0.10625425898653042,30.0,50,0.95,-94.58819536223582,3.5550431702284646,0.6187871456795684,108.64782531561576
2,7,51.51428571428571,-0.10142857142857142,25.0,50,0.8,-95.55125477341284,2.4835150383908315,0.5983707637810671,109.49655139345941
2,8,51.511869552101075,-0.09660339575148227,19.0,50,0.95,-93.80362279387276,3.2557633978358234,0.6131235494914904,107.75069971694965
2,9,51.5094531919872,-0.09177873189859043,10.0,50,0.8,-94.68525407925412,2.6455958131737534,0.6014828921369645,108.59975582750583
2,10,51.50703663398224,-0.08695457981321561,3.0,80,0.0,-92.56692297049786,3.3287603745927266,0.911452806699481,106.6099943990693
2,11,51.504619878124316,-0.08213093943866984,10.0,50,0.8,-91.61278924670103,3.4003201841931694,0.6158630800401884,105.5984353505971
2,12,51.50220292445153,-0.07730781071825735,14.0,50,0.95,-93.64590291180268,4.0607875910488715,0.6282841951451285,107.526789275439
2,13,51.49978577300199,-0.0724851935952747,11.0,50,0.95,-91.24245969978595,3.7461974694079556,0.6223878398347876,105.19096294653913
2,14,51.497368423813825,-0.06766308801301067,3.0,50,0.95,-88.64835697145992,4.909303379382053,0.6439945607155407,102.61485895558688
3,0,51.538336160256456,-0.1259387256338475,25.0,50,0.95,-95.41269055617585,2.981279264728219,0.6079021108265049,109.3579871762224
3,1,51.53592138497417,-0.12110920740743777,27.0,50,0.95,-93.49972130851178,3.265725672006011,0.6133125789945224,107.54389671643717
3,2,51.53350641144484,-0.11628020161326959,29.0,50,0.95,-94.3508897391094,3.5085103752521145,0.6179086299708992,108.33065489062452
3,3,51.53109123970662,-0.11145170819468808,39.0,50,0.8,-94.63763193954738,4.7775990544994205,0.6415752913057439,108.69726189292733
3,4,51.528675869797716,-0.1066237270950305,35.0,10,0.7,-95.89749708135007,4.564776031484857,0.7426363461468044,109.95712703472996
3,5,51.526260301756295,-0.10179625825762632,26.0,10,0.6,-95.22262839057227,1.2268043849124732,0.636225909111564,109.25609051178436
3,6,51.523844535620526,-0.09696930162579724,29.0,50,0.95,-94.691947526738,3.631821984837058,0.6202349907363008,108.7515774801179
3,7,51.52142857142857,-0.09214285714285714,32.0,50,0.8,-94.4498342511247,4.188818620472665,0.6306730971153016,108.50946420450464
3,8,51.519012409218604,-0.08731692475211214,38.0,50,0.95,-95.10835926614234,4.95003130884638,0.6447412106963317,109.05365588618893
3,9,51.51659604902874,-0.0824915043968606,27.0,10,0.6,-96.4215862536157,2.8032778404601935,0.6890092818977219,110.48121620699561
3,10,51.51417949089715,-0.07766659602039311,24.0,50,0.95,-95.53054267301324,2.427805121959223,0.597299224973512,109.47583929305982
3,11,51.511762734861975,-0.0728421995659925,17.0,50,0.8,-93.6991085523953,2.9937221821071067,0.6081393539752585,107.7221085523953
3,12,51.50934578096133,-0.06801831497693393,16.0,50,0.95,-93.79508173076924,2.6102327638864398,0.6008045725521869,107.82141506410257
3,13,51.506928629233336,-0.06319494219648476,9.0,50,0.95,-95.05539166474331,3.107883812014866,0.6103136225064566,109.11055833140996
3,14,51.504511279716134,-0.058372081167904655,9.0,50,0.95,-93.47220984329684,2.523285065459136,0.5991351366961473,107.50510727919423
4,0,51.545479016156555,-0.11665831645255582,43.0,50,0.95,-94.24025754311049,4.337546981205068,0.6334401611061835,108.35358446618737
4,1,51.54306424120407,-0.11182803971938522,45.0,10,0.7,-96.09785045346814,4.893635726528372,0.7519510940102451,110.15748040684804
4,2,51.54064926795376,-0.10699827563007148,44.0,10,0.7,-92.51249468586971,5.3487326678223726,0.7644637719608091,106.48145247807746
4,3,51.53823409644381,-0.10216902412793069,43.0,10,0.6,-95.84655022020462,4.8393959746136215,0.7504304602680731,109.95987714328152
4,4,51.53581872671241,-0.09734028515627095,28.0,10,0.7,-92.9858337487676,3.679199667448565,0.7164418665213373,106.95479154097535
4,5,51.53340315879775,-0.09251205865839267,20.0,50,0.8,-94.30133428417984,3.662749920012475,0.620817607160965,108.24663090422642
4,6,51.53098739273805,-0.08768434457758838,25.0,50,0.95,-92.07369136966838,2.6754178771456436,0.6020546242568015,106.09634613157309
4,7,51.52857142857143,-0.08285714285714285,19.0,10,0.6,-96.3458995722415,3.306452195843372,0.7049470432455999,110.40552952562145
4,8,51.526155266336126,-0.07803045344033308,25.0,50,0.95,-93.62076270478747,3.754206473514443,0.6225384108935473,107.51472599150071
4,9,51.52373890607025,-0.07320427627042825,17.0,50,0.8,-95.06187291221852,3.157909341636605,0.6112650105754385,109.0071695322651
4,10,51.52132234781199,-0.06837861129068984,15.0,50,0.95,-93.71355532352499,3.2456350155627818,0.6129313332198241,107.69332047504007
4,11,51.51890559159951,-0.06355345844437152,15.0,50,0.8,-89.48554744333327,4.510959987967399,0.6366553903780481,103.32564809268386
4,12,51.51648863747093,-0.05872881767471924,18.0,50,0.95,-91.71234018612971,3.4468697257399463,0.6167436984661215,105.68129797833745
4,13,51.5140714854644,-0.05390468892497121,12.0,50,0.95,-94.49004048933095,3.2170874428675877,0.612389368707211,108.54967044271089
4,14,51.51165413561808,-0.0490810721383579,14.0,50,0.95,-91.71406835991667,3.7667666090509933,0.6227744966155336,105.68302615212444
5,0,51.552621872056235,-0.10737790946255507,34.0,50,0.95,-94.598673536839,4.517493911521487,0.6367762986869563,108.65830349021893
5,1,51.550207097433685,-0.10254687390923534,48.0,10,0.7,-95.58547957108256,5.204695039437686,0.7605512797008698,109.64510952446246
5,2,51.54779212446249,-0.09771635121150342,36.0,10,0.7,-95.42978832336823,3.6218572504293074,0.7146912262513657,109.5431152464451
5,3,51.545376953180856,-0.09288634131264624,34.0,10,0.6,-97.18624844208942,2.5506695204713608,0.6808325341909955,111.21665869849961
5,4,51.54296158362702,-0.08805684415594285,23.0,50,0.95,-91.0153371605605,4.215703671562786,0.6311739312179687,104.97411313458642
5,5,51.54054601583918,-0.08322785968466447,22.0,50,0.8,-90.78524881916333,3.9829687461639667,0.6268291130180719,104.74402479318925
5,6,51.538130249855534,-0.0783993878420745,21.0,50,0.95,-89.6403640017748,4.5301237464311574,0.6370099610043818,103.50819192385265
5,7,51.535714285714285,-0.07357142857142857,19.0,10,0.6,-93.29364961182611,4.795829147037603,0.7492045490619963,107.25242558585204
5,8,51.53329812345361,-0.0687439818159745,16.0,10,0.7,-94.65597414717641,3.687957875906772,0.716708678957053,108.60175012120231
5,9,51.53088176311171,-0.06391704751895236,16.0,10,0.6,-95.52966860508778,3.772260593450666,0.7192691183235514,109.56313072629986
5,10,51.528465204726736,-0.05909062562359438,18.0,50,0.95,-93.24893313484763,3.750675238482707,0.6224720258018795,107.25081192272638
5,11,51.526048448336894,-0.054264716073125094,17.0,30,0.15,-93.26033952158954,4.491403993188183,0.8762722364555102,107.18941095016098
5,12,51.523631493980325,-0.04943931881076126,15.0,50,0.95,-92.15562431172636,4.04355563550012,0.6279621858143191,106.0960885974406
5,13,51.52121434169516,-0.04461443377971187,11.0,50,0.95,-89.97637618975024,3.3632784729138234,0.6151617861298422,103.78584047546448
5,14,51.5187969915196,-0.03979006092317821,10.0,50,0.95,-95.18431533376757,3.1407624729501653,0.6109390056205452,109.25499715194934
6,0,51.559764727955546,-0.09809750466504258,29.0,50,0.95,-93.78911550313295,3.321588490192728,0.6143719160228793,107.76888065464804
6,1,51.557349953663,-0.09326570997801416,38.0,50,0.95,-91.6426746225266,5.330862925846943,0.6516883958979842,105.6653293844313
6,2,51.554934980971005,-0.08843442835842019,28.0,10,0.7,-93.87720144619317,1.691280424151014,0.6521928324707028,107.89985620809789
6,3,51.55251980991778,-0.08360365974951844,30.0,10,0.6,-95.45196580462023,3.7091106718444955,0.7173524568957501,109.54983818224258
6,4,51.55010444054156,-0.07877340409455881,22.0,10,0.7,-92.90728240509497,4.492568481396056,0.7405607834032212,106.88131811938067
6,5,51.54768887288058,-0.07394366133678337,22.0,50,0.8,-91.46208015857552,4.59934130644682,0.6382893915929528,105.3569888887343
6,6,51.54527310697303,-0.06911443141942639,20.0,10,0.7,-93.04073731823739,4.653082947842061,0.745159882074796,106.99951329226329
6,7,51.542857142857144,-0.06428571428571428,19.0,50,0.8,-91.03030143321595,4.224352479046153,0.6313349874179475,104.98907740724188
6,8,51.54044098057112,-0.059457509878865715,24.0,10,0.7,-95.68131311254109,2.91724298099776,0.6926603864812265,109.74094306592099
6,9,51.53802462015315,-0.054629818142091544,21.0,50,0.8,-90.66777993306575,4.090817342910357,0.6288450814814396,104.6367377252735
6,10,51.53560806164143,-0.04980263901859484,16.0,30,0.1,-93.80931025918525,3.757173605137981,0.8522059672638012,107.64921502109
6,11,51.53319130507417,-0.044975972451570895,14.0,10,0.6,-94.00220980163631,3.231622045111751,0.7026070209818907,108.02486456354103
6,12,51.530774350489516,-0.040149818384207295,15.0,50,0.95,-91.14395218442553,4.215317528345839,0.6311667398614471,105.10272815845144
6,13,51.52835719792565,-0.03532417675968377,14.0,50,0.95,-91.0904321635967,3.744637618957839,0.6223585115508607,105.10290510731959
6,14,51.52593984742075,-0.030499047521172436,17.0,50,0.95,-92.22431450347904,3.4201048905751117,0.6162374578414408,106.1360525987171
7,0,51.56690758385444,-0.08881710206121662,30.0,10,0.7,-99.73895452644618,1.8231629015184172,0.6566665978394584,113.92266664765832
7,1,51.564492809892045,-0.08398454792674853,26.0,50,0.95,-94.9419415429342,2.244459507445169,0.593766194532832,109.05526846601106
7,2,51.562077837479336,-0.07915250707167729,32.0,50,0.95,-90.85047364988816,4.289871633805653,0.6325541179193033,104.87312841179288
7,3,51.55966266665458,-0.07432097943923148,27.0,50,0.8,-94.40214597575623,3.347265008765743,0.6148584620871432,108.34744259580282
7,4,51.557247297456044,-0.06948996497263188,26.0,50,0.95,-90.4567974849583,3.45706559009446,0.6169364805558405,104.42575527716606
7,5,51.55483172992193,-0.06465946361509135,28.0,10,0.6,-93.49497531390182,3.365578552615685,0.7067883973570942,107.51763007580654
7,6,51.55241596409052,-0.059829475309814965,25.0,10,0.7,-95.38005131184178,2.8975180232757434,0.692030164498925,109.3598164633569
7,7,51.55,-0.05499999999999999,15.0,50,0.8,-91.24515793006873,3.759735952207837,0.6226423525287607,105.21411572227652
7,8,51.5475838376886,-0.050171037628835874,14.0,50,0.95,-91.01821740613191,4.077022560650135,0.6285874698674246,104.97699338015784
7,9,51.54516747719456,-0.045342588139504245,13.0,50,0.8,-95.25634494182292,3.2786050172050154,0.6135569079550789,109.19997489520281
7,10,51.54275091855605,-0.04051465147517897,19.0,50,0.95,-91.94448887567545,2.9749087006947286,0.6077806265974567,105.81515615284273
7,11,51.5403341618113,-0.03568722757902613,17.0,10,0.6,-95.89927512520165,2.5183455550168783,0.6797780139824966,109.9143846823112
7,12,51.53791720699851,-0.030860316394204047,18.0,10,0.7,-92.99492529692536,4.2080625386459936,0.7322776640165239,106.9638830891331
7,13,51.535500054155854,-0.026033917863863235,23.0,50,0.95,-92.83134614055109,3.5788633955161617,0.6192365593129054,106.82418821514312
7,14,51.53308270332151,-0.02120803193114654,8.0,50,0.95,-94.38625372188984,3.354571452382325,0.6149968704623711,108.37634084310193
8,0,51.57405043975297,-0.07953670165227643,34.0,10,0.7,-100.16667034902231,2.438571926643619,0.6771676627529094,114.35038247023448
8,1,51.571635666120784,-0.07470338775646608,35.0,50,0.95,-93.46858317435061,4.982311989079462,0.645332500488855,107.46142524894267
8,2,51.56922069398747,-0.06987058735213082,35.0,50,0.95,-94.65000687017233,4.471524936052511,0.6359252901913921,108.70963682355226
8,3,51.56680552339126,-0.0650383003824701,31.0,50,0.8,-91.18969324133472,2.7205473568571095,0.6029192919109461,105.2123480032394
8,4,51.564390154370436,-0.060206526790675445,30.0,50,0.95,-91.26059147650598,3.663929463475981,0.6208398203632797,105.28324623841068
8,5,51.56197458696327,-0.055375266519930556,20.0,50,0.8,-91.77909509992502,4.569496472608488,0.6377379732146861,105.65998146356132
8,6,51.559558821208014,-0.0505445195134113,16.0,10,0.7,-95.93259093194392,3.639122734087806,0.7152190171988949,109.97676633986929
8,7,51.557142857142864,-0.04571428571428571,11.0,10,0.6,-96.81580725483671,3.3498836231578877,0.7063002707641675,110.87543720821664
8,8,51.5547266948061,-0.040884565065714015,10.0,10,0.7,-97.67761259981853,3.4103172059128504,0.70817720098545,111.76374896345489
8,9,51.55231033423594,-0.036055357510848624,11.0,50,0.8,-93.64871858207154,2.37936330597507,0.5963667266386317,107.70834853545146
8,10,51.549893775470615,-0.031226662992834147,9.0,30,0.1,-97.03468139367622,2.19096823507375,0.7880934178065104,111.00668139367619
8,11,51.547477018548335,-0.026398481454807433,6.0,50,0.8,-91.97001023250061,2.924164705218671,0.6068124824915602,105.91667689916721
8,12,51.545060063507314,-0.021570812839897556,12.0,50,0.95,-90.68336157936062,3.998888723449752,0.6271269777882481,104.64213755338656
8,13,51.54264291038578,-0.01674365709122575,8.0,10,0.7,-97.536494266476,1.7043972442590087,0.6526390064139652,111.59336926647596
8,14,51.54022555922189,-0.011917014151905608,7.0,10,0.7,-94.33424136778686,3.412006521827843,0.7082295658977896,108.14969970112016
9,0,51.581193295651104,-0.07025630343942194,9.0,50,0.95,-95.81977679023878,1.7530823934987445,0.5842504217102432,109.89152679023873
9,1,51.57877852234924,-0.06542222946819506,14.0,50,0.95,-95.11906033060082,2.830177915548501,0.6050170961703527,109.1786902839807
9,2,51.57636355049539,-0.06058866920063752,10.0,80,0.0,-95.22614887522606,1.8477488627385688,0.8505726548433059,109.28081554189272
9,3,51.573948380127796,-0.05575562257991948,6.0,30,0.15,-96.050225236859,0.7670994367560556,0.713978903376009,110.06532372170743
9,4,51.571533011284764,-0.05092308954920329,5.0,30,0.1,-95.73508439159312,2.717109799228547,0.8116535871939417,109.74726620977492
9,5,51.56911744400456,-0.04609107005164343,2.0,30,0.15,-94.0533021971793,2.4955236717122746,0.8019849220315568,108.08448401536114
9,6,51.56670167832546,-0.041259564030386546,5.0,30,0.1,-94.92293374158952,3.348545295676544,0.8372071071454252,108.93511555977133
9,7,51.56428571428571,-0.03642857142857142,9.0,10,0.6,-100.99911182176527,0.3019416611574701,0.603552941132985,115.01289814655159
9,8,51.56186955192357,-0.03159809218932904,3.0,30,0.1,-105.37374042950518,0.6220013598329779,0.7056106486634575,119.3670737628385
9,9,51.55945319127727,-0.026768126255782572,8.0,10,0.6,-101.31804308200398,2.396546810460781,0.6757880497320192,115.37081930578023
9,10,51.557036632385085,-0.02193867357104737,10.0,50,0.95,-90.65548536063613,1.7609711107111838,0.5844037082856531,104.62593041558117
9,11,51.55461987528522,-0.017109734078231006,6.0,50,0.8,-90.18216645398815,3.1571764895320884,0.6112510792534871,103.99171773603938
9,12,51.55220292001592,-0.012281307720433255,8.0,50,0.95,-90.81648465472867,3.6988629979841274,0.6214974598442721,104.82994767781665
9,13,51.54978576661539,-0.007453394440746112,6.0,50,0.95,-89.62022788561205,3.270558603210893,0.6134042693138496,103.42311250099665
9,14,51.547368415121866,-0.002625994182253841,6.0,50,0.95,-90.02603172066588,3.5760350795531775,0.6191832084487531,103.86915443128856
10,0,51.588336151548845,-0.0609759074238542,11.0,50,0.95,-90.20506935157215,3.5665237892826114,0.6190037747339036,104.14339078014353
10,1,51.58592137857742,-0.05614107306296472,7.0,10,0.7,-94.3839703597916,4.026408646092467,0.7269020663329552,108.23788702645822
10,2,51.583506407003114,-0.05130675261805479,6.0,80,0.0,-103.31351022040828,4.034544940517,0.9317456038797752,117.3360102204083
10,3,51.58109123686422,-0.0464729460322654,6.0,80,0.0,-102.91633724061033,4.3976741487679,0.9404235310839455,116.93883724061035
10,4,51.57867586819903,-0.04163965324872962,8.0,10,0.7,-105.21182897535475,2.9286147112283123,0.6930233925571082,119.23864715717289
10,5,51.57626030104584,-0.036806874210572695,6.0,30,0.15,-92.47893986047063,4.061028580284093,0.8626039464790062,106.44206486047065
10,6,51.57384453544294,-0.03197460886091202,7.0,50,0.95,-93.59418040015971,3.2355151112303573,0.6127392427058267,107.37955005827935
10,7,51.57142857142857,-0.027142857142857135,14.0,50,0.8,-92.74273367662612,3.821034387269508,0.6237938664756714,106.72249882814125
10,8,51.56901240904104,-0.022311618999509758,15.0,50,0.95,-94.41111286466804,4.061283127050967,0.6282934534217588,108.33928827259342
10,9,51.566596048318594,-0.017480894373963763,13.0,50,0.8,-92.2864542211959,3.1538891794544464,0.6111885861349542,106.3091089831006
10,10,51.564179489299484,-0.012650683209305244,14.0,50,0.95,-95.04448767409065,2.4951695349176966,0.5985948108812188,109.10411762747054
10,11,51.56176273202199,-0.00782098544861247,15.0,50,0.8,-94.36661447784245,3.4631487383531487,0.6170514824283819,108.31024443122236
10,12,51.559345776524324,-0.0029918010349559224,14.0,50,0.95,-92.15028521658942,3.2649472533250212,0.6132978100922052,106.11924300879714
10,13,51.55692862284473,0.001836870088601701,16.0,50,0.95,-93.36810939812689,3.959296658862292,0.6263860274055147,107.23187454964201
10,14,51.554511271021454,0.006665027979005465,14.0,50,0.95,-94.06343791135339,3.820345111430967,0.623780925918411,108.10761331927877
11,0,51.59547900744619,-0.051695513606775025,8.0,10,0.7,-103.36224690963061,3.1697030477992922,0.70066267628087,117.36224690963056
11,1,51.593064234805304,-0.04685991854180492,8.0,80,0.0,-101.36850304000271,3.981590897318624,0.9303861620274254,115.23132355282326
11,2,51.59064926351065,-0.0420248376052407,11.0,50,0.95,-90.79637881988155,3.152949645199291,0.6111707245301561,104.7077365732393
11,3,51.588234093600505,-0.03719027074019409,15.0,50,0.8,-97.14348037379287,2.684720049558284,0.602232903478215,111.13664704045951
11,4,51.585818725113214,-0.03235621788976897,16.0,50,0.95,-91.3927488738472,3.36639387511998,0.6152207871040238,105.36170666605496
11,5,51.58340315808708,-0.027522678997061283,20.0,10,0.6,-95.91287309177753,4.253535963954346,0.7336127834018268,109.97250304515748
11,6,51.58098739256039,-0.022689654005159158,19.0,10,0.7,-92.96265811884197,4.423612035635932,0.7385685484630067,106.93161591104972
11,7,51.57857142857142,-0.01785714285714285,20.0,50,0.8,-90.8979271963417,3.866095141990363,0.6246394590986889,104.9205819582464
11,8,51.5761552661585,-0.013025145496084797,20.0,50,0.95,-90.7632744732478,3.905589539912701,0.6253799712026655,104.72205044727374
11,9,51.573738905359875,-0.008193661865049584,21.0,50,0.8,-90.65271384637464,4.295683252001266,0.6326621745351358,104.61148982040056
11,10,51.57132234621381,-0.003362691907093985,23.0,50,0.95,-93.84482180850196,4.178346188295279,0.6304779328434527,107.88899721642734
11,11,51.56890558875862,0.00146776443473304,19.0,50,0.8,-91.13611146264728,4.159673053702832,0.6301298344157701,105.09488743667322
11,12,51.56648863303252,0.006297707217390306,22.0,50,0.95,-89.55341850691019,4.259855900680416,0.6319958173610808,103.42124642898807
11,13,51.56407147907379,0.01112713649784448,22.0,10,0.7,-93.16400527944279,4.331370372560446,0.7358881706944611,107.13296307165054
11,14,51.56165412692065,0.015956052333069924,17.0,30,0.1,-96.38244279535824,3.388891952247099,0.8387409400451789,110.41073824990367
12,0,51.60262186334315,-0.042415121989387225,11.0,30,0.1,-102.39394787453689,4.315304742479743,0.8708263907926072,116.3806296927187
12,1,51.60020709103291,-0.03757876590574633,25.0,50,0.95,-94.5772319367724,2.8817897400393706,0.6060033671479855,108.52086189015232
12,2,51.597792120017985,-0.03274292416305389,17.0,10,0.7,-93.36753603341107,4.263383216007848,0.7339013437613067,107.33649382561882
12,3,51.59537695033668,-0.027907596704392357,13.0,50,0.8,-93.12144246375405,3.790461188525526,0.6232197114926072,106.98960974092131
12,4,51.59296158202735,-0.023072783472836297,14.0,10,0.7,-93.4051422743923,4.218721070392025,0.7325909837098781,107.37410006660006
12,5,51.59054601512829,-0.018238484411452406,21.0,50,0.8,-94.8689521556874,3.71563559406065,0.6218130529962096,108.81424877573397
12,6,51.58813024967784,-0.01340469946329951,45.0,10,0.7,-96.23035640584905,5.11094241567256,0.7579808676359716,110.28998635922899
12,7,51.585714285714296,-0.008571428571428563,35.0,50,0.8,-94.34502792550587,4.0700469843065425,0.6284571761401992,108.45835484858274
12,8,51.58329812327596,-0.0037386716788826886,27.0,50,0.95,-94.74490351519397,3.0367598257607527,0.6089595376740443,108.67307892311938
12,9,51.58088176240113,0.001093571271302842,34.0,30,0.15,-96.30192531039225,4.800987428094783,0.8853680100976654,110.3433116740286
12,10,51.57846520312808,0.0059253003361005785,34.0,10,0.7,-96.25501063030111,5.0466168192510095,0.7562064246624047,110.29918603822651
12,11,51.57604844549514,0.010756515572490894,30.0,50,0.8,-93.94446116768081,3.462824025858043,0.617045344071974,107.9779232888929
12,12,51.57363148954054,0.015587217037461954,29.0,10,0.7,-95.7537958381488,3.247697579952727,0.7031106231051774,109.86712276122567
12,13,51.57121433530256,0.02041740478800976,36.0,10,0.7,-95.5069249312779,4.972466062287385,0.7541500400456294,109.62025185435478
12,14,51.56879698281947,0.025247078881138058,27.0,30,0.1,-100.14712705897904,1.2348294482478313,0.7399583798583389,114.13165086850282
13,0,51.609764719239706,-0.033134732572894406,13.0,10,0.7,-102.55517868120441,2.5531338635220977,0.6809128539329808,116.55517868120437
13,1,51.60734994726022,-0.028297615155820414,14.0,10,0.7,-107.43275706931958,2.9949779838217334,0.6951370518148586,121.4246888875014
13,2,51.6049349765251,-0.023461012292353693,11.0,30,0.1,-104.99483190543117,4.024697394420593,0.86139383751722,118.97280539027963
13,3,51.60251980707271,-0.01862492392554745,14.0,50,0.8,-92.52777328081282,3.802886366737837,0.623453094237235,106.3959405579801
13,4,51.60010443894137,-0.013789349998446934,17.0,50,0.95,-92.30932724767928,3.944040783236371,0.62610036095468,106.25249452484657
13,5,51.59768887216946,-0.008954290454089542,17.0,30,0.15,-93.27219733044738,4.918929522225266,0.8886772287207511,107.21193542568545
13,6,51.595273106795275,-0.004119745235504778,21.0,50,0.95,-90.86251633555213,4.3675110297790445,0.6339965799771244,104.83147412775986
13,7,51.59285714285714,0.0007142857142857229,37.0,50,0.8,-93.56141758993503,5.465453150369155,0.6541284446799258,107.55425966452711
13,8,51.5904409803934,0.0055478024522681675,48.0,10,0.7,-96.47694103853664,4.569658416909886,0.742776295065967,110.68637907272465
13,9,51.588024619442336,0.01038080503543662,42.0,30,0.15,-100.67255426371874,3.4011198710195027,0.8392034900834826,114.76740924207375
13,10,51.58560806004227,0.015213293520792988,34.0,50,0.95,-95.18195458218253,3.2971141729185818,0.6139079376817274,109.29528150525941
13,11,51.583191302231505,0.02004526796534699,29.0,10,0.6,-102.35974571992338,4.22318406785208,0.732722109428218,116.50557905325668
13,12,51.58077434604834,0.02487672842611616,23.0,50,0.95,-94.72067052024771,2.875683747788159,0.6058867301687783,108.75108077665791
13,13,51.57835719153103,0.029707674960125854,23.0,10,0.7,-95.08085234064181,1.1562988307444193,0.633774703224119,109.0958080515975
13,14,51.57593983871788,0.034538107624409224,20.0,50,0.95,-94.48863928963193,2.918073283946444,0.6066962077325964,108.60196621270882
14,0,51.616907575135876,-0.02385434535850117,21.0,50,0.95,-92.64790548194496,3.6166059776781507,0.6199482262171424,106.6497842698237
14,1,51.614492803487245,-0.019016466293059368,21.0,50,0.95,-93.03841235847483,4.0140762902087594,0.6274110491833085,107.0492911463536
14,2,51.61207783303204,-0.014179101994000076,20.0,10,0.7,-94.86054898995936,3.7234653786938026,0.7177888320543603,108.8624277778381
14,3,51.60966266380862,-0.009342252404347181,20.0,50,0.8,-90.88495343399295,3.7311042328994533,0.6221040194621758,104.8539112262007
14,4,51.607247295855345,-0.004505917467116597,28.0,50,0.95,-92.25463863400533,2.771171116961384,0.6038884637340727,106.22359642621306
14,5,51.60483172921061,0.00032990287468359197,24.0,50,0.8,-90.63647639714091,3.455833763785234,0.6169131912945784,104.65913115904561
14,6,51.602415963912705,0.005165208678053226,39.0,50,0.95,-96.08398233547497,4.0926897439978305,0.6288800421217061,110.14361228885487
14,7,51.60000000000001,0.010000000000000009,65.0,10,0.6,-98.46771863692722,3.2448056564350667,0.7030200634752228,112.68011607282467
14,8,51.59758383751083,0.014834276897539503,64.0,50,0.95,-96.3387005388402,4.416301655534007,0.6349018346940807,110.37759797473764
14,9,51.595167476483525,0.019668039427695138,48.0,10,0.6,-95.95318437893808,5.4079198771000225,0.7660585946397648,109.98374848150215
14,10,51.5927509169564,0.02450128764749818,41.0,50,0.95,-93.46696642304636,5.132162105833621,0.6480714928522757,107.51350546733536
14,11,51.59033415896777,0.029334021613987727,26.0,50,0.8,-94.15268507391303,2.5059942289736403,0.5988028688919129,108.26601199698989
14,12,51.587917202555936,0.0341662413842107,13.0,10,0.7,-95.2908549581224,1.284588505652845,0.6382295859368404,109.32431707933446
14,13,51.585500047759226,0.03899794701522187,17.0,10,0.7,-96.5856364836145,3.0544218480457443,0.6970233724113998,110.69896340669136
14,14,51.58308269461591,0.043829138564083756,10.0,10,0.7,-97.57942433808884,0.7085019955921272,0.6180489728823446,111.71925767142214
15,0,51.62405043103166,-0.014573960347412965,49.0,10,0.7,-96.69670810766034,4.9520839768891225,0.7535827501831668,110.72711836407058
15,1,51.62163565971398,-0.009735319318496216,44.0,10,0.7,-96.10788948388213,4.485612477555122,0.7403602640064976,110.22121640695903
15,2,51.61922068953877,-0.00489719326885366,35.0,50,0.95,-94.90576603257854,4.222684347678466,0.6313039261179157,108.93617628898875
15,3,51.616805520544396,-5.958214147985933e-05,38.0,50,0.8,-95.31470313918108,4.177886064344151,0.6304693569933261,109.37433309256099
15,4,51.61439015276925,0.0047775141206386025,32.0,10,0.7,-100.88985327312432,1.7839568631123797,0.6553394959479141,115.10209686286795
15,5,51.61197458625172,0.009614095574523012,34.0,10,0.6,-96.81554338325934,2.6166462259146095,0.6829791817099643,110.84595363966953
15,6,51.609558821030134,0.014450162277202552,40.0,10,0.7,-95.81937522258016,3.3892923157316517,0.7075250156671873,109.9172476002025
15,7,51.60714285714286,0.019285714285714295,64.0,10,0.6,-92.74446897849741,4.344972449976495,0.7362845281725765,106.65620707373546
15,8,51.604726694628255,0.024120751657103184,53.0,10,0.7,-96.14075994348791,5.044556098517495,0.7561494335136393,110.25408686656479
15,9,51.60231033352468,0.028955274448422025,34.0,10,0.6,-96.151066564971,4.6394137280203465,0.7447703255708781,110.2106965183509
15,10,51.59989377387045,0.03378928271673148,19.0,50,0.95,-90.64264046917997,3.511421672002748,0.6179636164642179,104.6652952310847
15,11,51.597477015703895,0.038622776519100045,13.0,50,0.8,-95.67395778731075,2.244361930022591,0.5937643116158328,109.73358774069067
15,12,51.59506005906334,0.04345575591260404,13.0,50,0.95,-95.01481878742176,1.8465927326758216,0.5860663755866005,109.12814571049861
15,13,51.59264290398713,0.048288220954327644,16.0,50,0.95,-96.24100167479578,1.8812080124124233,0.5867380078813232,110.390560921105
15,14,51.590225550513544,0.05312017170136282,17.0,50,0.95,-97.05856596875347,1.703162685680333,0.5832800492918121,111.08913007131756
16,0,51.631193286927044,-0.005293577540836174,50.0,10,0.7,-95.77467174550169,3.4767842786298657,0.7102333515814165,109.88799866857859
16,1,51.628778515940404,-0.00045417423316469687,54.0,50,0.95,-95.73551408150674,4.6808722240178104,0.6397939120564977,109.8488410045836
16,2,51.62636354604528,0.004384713882224303,47.0,10,0.7,-96.37722553689002,3.7268905660924023,0.7178928954246858,110.40763579330023
16,3,51.62394837728004,0.00922308686236568,55.0,50,0.8,-95.49248163845958,4.667828059848645,0.639553386784267,109.60580856153646
16,4,51.62153300968307,0.01406094476430218,47.0,10,0.7,-95.85974078209372,5.395623436041086,0.7657278804506402,109.97306770517059
16,5,51.61911744329277,0.018898287645084475,57.0,10,0.6,-97.18487272058864,4.211384764255353,0.7323753496050782,111.21543682315274
16,6,51.61670167814754,0.023735115561771117,73.0,10,0.7,-100.63115881276441,0.5589918586315646,0.6127410389639523,114.72215240250806
16,7,51.614285714285714,0.02857142857142858,67.0,30,0.15,-93.33091780050877,4.4687921386211835,0.8755841629598036,107.25998922908016
16,8,51.61186955174568,0.033407226731131195,49.0,10,0.7,-97.44953832972583,3.5365346341738735,0.7120743811828659,111.57605969724715
16,9,51.609453190565795,0.038242510097961174,32.0,50,0.8,-91.50358077193279,4.3897838810291026,0.6344099453258937,105.51605371565569
16,10,51.6070366307844,0.04307727872900858,19.0,50,0.95,-91.14890352556802,3.8418616741059077,0.62418479736463,105.06064162080605
16,11,51.604619872439876,0.04791153268137134,13.0,50,0.8,-91.86852451201625,3.6556553360446746,0.6206839910341895,105.88099745573916
16,12,51.602202915570544,0.052745272012155224,25.0,50,0.95,-94.55091993055963,3.471390721188406,0.6172072761502441,108.451542308182
16,13,51.59978576021473,0.05757849677847381,31.0,10,0.7,-96.16004251998004,4.017057432273609,0.7266235236603297,110.19060662254411
16,14,51.59736840641079,0.062411207037448534,26.0,50,0.95,-93.35108817425265,2.941724387740312,0.6071475988615557,107.35296696213139
17,0,51.638336142822034,0.003986803060021914,64.0,30,0.1,-96.57896737372104,4.185575540676643,0.8666850359811337,110.52446737372104
17,1,51.63592137216657,0.008826968961900583,49.0,30,0.1,-95.95832819223261,5.566050995981143,0.905380719943822,109.98674485889926
17,2,51.63350640255161,0.013666619458371906,54.0,30,0.1,-94.31775547818195,5.842332082255979,0.9118031587368369,108.26857690675337
17,3,51.63109123401557,0.01850575460650007,52.0,10,0.6,-93.48557664312813,6.005814368189,0.7817463067367246,107.50823140503286
17,4,51.62867586659682,0.023344374463357246,44.0,30,0.1,-99.56900395985595,3.7153179427448175,0.8507237731630019,113.60217062652256
17,5,51.626260300333826,0.02818247908602347,65.0,10,0.6,-97.93819209810655,3.6936286459455574,0.7168813538333506,112.15043568785015
17,6,51.62384453526494,0.03302006853158672,81.0,10,0.7,-98.146226535891,3.603590797682708,0.7141321972609345,112.35847012563461
17,7,51.621428571428574,0.03785714285714287,64.0,10,0.6,-97.50774804216253,3.3654049349343467,0.7067830002863223,111.71999163190613
17,8,51.619012408863085,0.04269370211979566,35.0,10,0.7,-98.69925464422055,0.38244504927262307,0.6064386863984389,112.72966490063078
17,9,51.61659604760688,0.04752974637665673,19.0,10,0.6,-99.373830902156,1.16142295608803,0.6339530846248664,113.43389500472011
17,10,51.614179487698316,0.05236527568484559,16.0,30,0.1,-101.04525593133218,0.3182956886251006,0.6876429461626276,115.03211307418931
17,11,51.61176272917575,0.05720029010148961,31.0,10,0.6,-94.62424456239067,2.8294156586877177,0.6898487628070202,108.65770668360275
17,12,51.60934577207756,0.062034789683724,37.0,50,0.95,-95.35941147251441,4.110522970493556,0.6292129484999386,109.47273839559129
17,13,51.60692861644206,0.06686877448869179,60.0,10,0.7,-101.64829465812822,2.638582480305642,0.6836911935045108,115.73928824787184
17,14,51.60451126230764,0.07170224457354389,74.0,10,0.7,-102.58103255013819,-0.7365644905747843,0.5657459333104728,116.72265113988178
18,0,51.64547899871665,0.01326718145395313,63.0,10,0.7,-97.76529231039429,3.194163345314816,0.7014316344851803,111.98602307962507
18,1,51.64306422839245,0.01810811026566434,69.0,10,0.7,-97.61607348755048,3.759485515505736,0.7188820222130619,111.83680425678125
18,2,51.640649259057746,0.022948523458726593,54.0,10,0.7,-103.20325588300591,5.740759777599852,0.7748868696473408,117.20325588300585
18,3,51.63823409075096,0.02778842109023347,47.0,80,0.0,-102.27980868151455,5.525975784122997,0.9612234163041666,116.17195153865738
18,4,51.635818723510525,0.03262780321728653,61.0,10,0.7,-100.10312231698902,4.179205212597859,0.7314282020568386,114.30006520743193
18,5,51.63340315737485,0.03746666989699526,79.0,10,0.6,-96.16555447606677,4.279557683003271,0.7343748819439583,110.28757828559057
18,6,51.63098739238235,0.04230502118647703,57.0,10,0.7,-97.38756424311845,3.510826226959314,0.7112831072145309,111.41797449952867
18,7,51.62857142857143,0.04714285714285715,31.0,10,0.6,-96.04693607594248,2.265068768445608,0.6714521609500722,110.16026299901937
18,8,51.62615526598051,0.05198017782326882,25.0,10,0.7,-99.57941995562489,1.2751643868386522,0.6379031283318384,113.54661043181534
18,9,51.62373890464794,0.056816983284853115,16.0,30,0.15,-103.44380588138215,-0.6726062186587919,0.625197940420169,117.43713921471549
18,10,51.621322344612146,0.06165327358475899,21.0,30,0.1,-101.397161872205,-0.33182547089348546,0.6472764478981267,115.4588285388717
18,11,51.61890558591149,0.0664890487801433,30.0,10,0.6,-99.88825020992937,2.089749148931135,0.6656247865774194,114.03183812201729
18,12,51.616488628584364,0.0713243089281707,43.0,50,0.95,-96.40349054271752,2.4995185506078896,0.5986784062060798,110.43390079912771
18,13,51.6140714726691,0.07615905408601376,61.0,30,0.1,-103.51009932690718,3.1845733875193445,0.8308524131107184,117.62040885071674
18,14,51.61165411820411,0.08099328431085281,70.0,50,0.95,-99.53883871275781,4.425623201879819,0.6350746771684959,113.6270694819886
19,0,51.65262185461084,0.022547557639748396,75.0,10,0.7,-101.0972134079156,6.040661024269846,0.7826368186030334,115.11054674124892
19,1,51.650207084618025,0.027389249677090492,75.0,10,0.7,-97.76782234286182,3.571241796724516,0.7131405741903057,111.98006593260543
19,2,51.64779211556367,0.03223042588242518,68.0,10,0.7,-93.982179462866,5.274105913612528,0.7624422266250002,108.07559216127869
19,3,51.64537694748622,0.03707108631287549,56.0,10,0.6,-99.90253975290278,4.536100425881307,0.741813383554356,114.10781597667903
19,4,51.642961580424135,0.04191123102557239,70.0,10,0.7,-97.49685805714753,3.5829490145067346,0.7134996834414118,111.70925549304498
19,5,51.640546014415825,0.04675086007765481,37.0,10,0.6,-96.5846001736911,3.102054986394324,0.6985301326135919,110.61501043010132
19,6,51.638130249499746,0.051589973526269574,35.0,10,0.7,-96.40970784624734,2.585645649897489,0.6819714958306766,110.44011810265752
19,7,51.63571428571429,0.05642857142857144,23.0,50,0.8,-104.44812293356796,2.9299831530397693,0.6069235353544468,118.45027677972173
19,8,51.6332981230979,0.06126665384172305,15.0,30,0.1,-99.5977283450124,6.225567939576762,0.9200597419182664,113.59772834501237
19,9,51.63088176168897,0.06610422082289498,31.0,10,0.6,-99.60088554681471,2.3310904430536796,0.6736331383456918,113.80616177059098
19,10,51.628465201525906,0.07094127242926565,40.0,10,0.7,-101.75516713732176,3.1890425423840862,0.7012707457488697,115.9010004706551
19,11,51.62604844264711,0.0757778087180214,58.0,30,0.15,-106.42758905636848,3.632219303245772,0.8477447765297599,120.34598191351134
19,12,51.62363148509096,0.08061382974635636,58.0,10,0.7,-97.08633029650947,3.546205087192218,0.7123716915762736,111.1167405529197
19,13,51.62121432889585,0.08544933557147265,44.0,50,0.95,-96.86320741064488,3.2995892194406884,0.6139548684516234,110.98988262432007
19,14,51.618796974100164,0.09028432625058005,49.0,40,0.15,-103.23110327458488,5.422360577107789,0.8787440577714436,117.2707461317277
20,0,51.65976471050466,0.031827931616197694,106.0,10,0.7,-99.55757017427875,2.8331326065682685,0.689968040480563,113.64580094350954
20,1,51.65734994084331,0.03667038719514212,95.0,10,0.7,-98.47247475580835,3.3602087686414888,0.706621445614696,112.55237219170581
20,2,51.6549349720694,0.04151232672860381,84.0,10,0.7,-97.87512249369138,3.475803773636494,0.7102030821713731,112.08751992958882
20,3,51.652519804221356,0.04635375027373523,76.0,10,0.6,-97.74177058906005,3.39448551754618,0.7076861866157095,111.95401417880366
20,4,51.65010443733767,0.051194657887696775,40.0,50,0.95,-95.57319742961286,3.803642206894413,0.6234672893737786,109.63282738299279
20,5,51.64768887145677,0.05603504962765687,36.0,50,0.8,-91.72501600336801,5.031560913024884,0.6462337447192875,105.73748894709091
20,6,51.64527310661712,0.060874925550791756,47.0,10,0.7,-95.76613299054749,3.479087696739533,0.7103044536025881,109.7965432469577
20,7,51.642857142857146,0.06571428571428573,45.0,30,0.15,-97.3833818848635,4.467429732522377,0.8755426005809459,111.41179855153015
20,8,51.64044098021528,0.07055313017533087,23.0,10,0.7,-101.61401799735351,5.3712168825047515,0.7650705027082456,115.6200179973535
20,9,51.63802461872995,0.07539145899112726,19.0,10,0.6,-101.70630626382567,4.911043736084176,0.7524378165001511,115.69730626382561
20,10,51.63560805843958,0.08022927221888283,34.0,30,0.1,-105.97238699531455,3.003823652572917,0.8236203083629972,120.0120298524574
20,11,51.63319129938259,0.0850665699158134,53.0,10,0.6,-100.9817697867578,3.570143434261814,0.713106869024937,115.18704601053405
20,12,51.630774341597366,0.08990335213914265,53.0,30,0.1,-100.56539603550904,3.148970869898074,0.8294468201634847,114.67570555931857
20,13,51.62835718512232,0.09473961894610218,62.0,40,0.15,-103.60457745767306,5.145756015656169,0.871180726154853,117.6442203148159
20,14,51.625939829995836,0.09957537039393136,64.0,30,0.1,-100.11859770091017,5.451849533595487,0.9026056784025565,114.15824055805302
21,0,51.66690756639807,0.04110830338209012,110.0,10,0.7,-97.61470329524278,3.421650367320587,0.7085283971145152,111.82710073114023
21,1,51.664492797068306,0.0459515228187816,109.0,10,0.7,-97.60370580662027,4.0870558215885415,0.7287042441684084,111.78741792783245
21,2,51.662077828574915,0.050794225996398,107.0,10,0.7,-97.28690567619515,3.5435214504041705,0.7122892036474444,111.49914926593875
21,3,51.659662660956364,0.055636412972121255,92.0,10,0.6,-99.19091265818373,3.197257412971016,0.7015288218032403,113.27065624792738
21,4,51.657247294251135,0.06047808380314125,86.0,10,0.7,-99.08549558914166,3.2232418306774924,0.7023442967374495,113.1652391788853
21,5,51.65483172849768,0.06531923854665586,61.0,50,0.8,-101.68360618687726,2.8852338830695436,0.6060691520188026,115.89584977662089
21,6,51.6524159637345,0.07015987725987087,63.0,10,0.7,-97.1049094812137,3.1493894184247115,0.7000232154857366,111.1353197376239
21,7,51.650000000000006,0.07500000000000001,56.0,50,0.8,-96.20970164411614,3.538199087391366,0.6184692273029302,110.24011190052636
21,8,51.64758383733267,0.0798396068242649,49.0,50,0.95,-95.55046730043694,3.5308340349601366,0.618330186008905,109.66379422351379
21,9,51.64516747577091,0.08467869778989513,36.0,50,0.8,-94.47399221122018,4.642650711380122,0.6390889360275049,108.58731913429703
21,10,51.642750915353204,0.08951727295412816,23.0,10,0.7,-103.1293225075578,4.253930253529152,0.7336243413521427,117.11811219009749
21,11,51.64033415611794,0.09435533237420932,29.0,10,0.6,-102.37339480368277,4.503099757840201,0.7408641749740648,116.51922813701606
21,12,51.637917198103565,0.09919287610739186,44.0,40,0.15,-107.68041778152184,3.6024139449001273,0.8213621408602666,121.72006063866473
21,13,51.63550004134849,0.10402990421093687,61.0,40,0.15,-106.47774373951214,4.738055138061542,0.8593031004593148,120.47852296029136
21,14,51.633082685891125,0.10886641674211332,50.0,30,0.1,-104.82675518680664,5.403318427814015,0.9014045603396234,118.82753440758586
22,0,51.67405042229109,0.05038867293621389,108.0,10,0.7,-95.87246582764502,4.673079898328794,0.745729066121405,109.99448963716881
22,1,51.671635653293016,0.05523265654697049,111.0,10,0.7,-95.87246582764502,4.678413231662127,0.7458807300795726,109.99448963716881
22,2,51.669220685080234,0.06007612368494261,111.0,10,0.7,-97.35861996190944,3.65473395040417,0.7156957324235436,111.57086355165303
22,3,51.66680551769125,0.06491907440734164,104.0,10,0.6,-97.74177058906005,3.414712790273453,0.7083134424852084,111.95401417880366
22,4,51.66439015116453,0.069761508771387,91.0,50,0.95,-96.34154480789681,3.4729207057240137,0.6172361939674805,110.371955064307
22,5,51.661974585538566,0.07460342683430606,77.0,30,0.15,-97.68752611131558,3.1532999205043315,0.8296182260033909,111.7978356351251
22,6,51.65955882085186,0.07944482865333406,51.0,50,0.95,-96.68168838106338,5.0761867879669325,0.6470494920021456,110.71225248362745
22,7,51.65714285714286,0.0842857142857143,37.0,30,0.15,-96.48067792233138,3.0017282980091813,0.8235350624369012,110.42617792233132
22,8,51.65472669445004,0.08912608378869794,30.0,10,0.7,-96.0144722450752,3.2125148585075056,0.7020078053066229,110.12779916815207
22,9,51.652310332811844,0.09396593721954406,33.0,40,0.25,-95.07292415255044,2.4100014906253877,0.7733807816052813,109.00296960709582
22,10,51.649893772266736,0.09880527463551969,21.0,50,0.95,-93.88954969336218,3.2715102232326494,0.6134223224915178,107.91588302669547
22,11,51.647477012853166,0.10364409609389971,23.0,30,0.15,-104.65596137277751,5.375128216799539,0.9007008257888371,118.66196137277745
22,12,51.64506005460957,0.10848240165196693,34.0,40,0.15,-105.25452119159222,3.914663122152612,0.8325301051315396,119.29416404873506
22,13,51.64264289757437,0.11332019136701202,40.0,40,0.15,-103.54932023976632,4.721085430835931,0.8587894033528096,117.58896309690914
22,14,51.64022554178601,0.1181574652963335,52.0,40,0.15,-104.44753805222554,5.218155032815479,0.8731983585996431,118.48718090936838
23,0,51.68119327818373,0.05966904027735621,91.0,40,0.15,-99.32780237263594,2.5919388648932773,0.7812532539589668,113.39924826008186
23,1,51.67877850951744,0.06451378837866954,125.0,10,0.7,-97.49501949293395,3.554472054661024,0.7126257077416449,111.70726308267754
23,2,51.67636354158537,0.06935801979337182,119.0,30,0.1,-98.04901616293066,4.0176124808606435,0.8611568157604097,112.14387114128563
23,3,51.673948374426004,0.07420173457870392,117.0,10,0.6,-97.91585751602197,3.958247161457823,0.7248676983373458,112.11264656031103
23,4,51.67153300807786,0.07904493279191481,81.0,10,0.7,-98.86184975580835,3.3546600506927704,0.7064488722547461,112.94159334555198
23,5,51.669117442579434,0.08388761449026133,78.0,30,0.15,-99.60520068959677,2.3714164706208836,0.7964084840923265,113.67664657704266
23,6,51.66670167796923,0.08872977973100832,58.0,10,0.7,-105.19694085408054,5.5171935305299264,0.7689832607585495,119.34277418741387
23,7,51.664285714285725,0.09357142857142858,50.0,40,0.25,-99.49749559713163,5.464336232008444,0.8798577784059458,113.60780512094115
23,8,51.661869551567406,0.09841256106880283,44.0,30,0.1,-103.25592563804446,5.41222241981874,0.9016259129992105,117.29556849518731
23,9,51.65945318985275,0.10325317728041973,36.0,40,0.25,-104.23119207911972,4.180208251818698,0.8415827623749331,118.27083493626255
23,10,51.65703662918022,0.10809327726357583,33.0,40,0.15,-102.92104462649064,5.681127042505138,0.885469998027646,116.96068748363348
23,11,51.654619869588274,0.11293286107557562,25.0,40,0.25,-100.87325140045284,3.2582813878330112,0.808388108386137,114.87325140045284
23,12,51.65220291111538,0.11777192877373147,24.0,40,0.15,-101.94448140206887,3.4330767636452806,0.8150658649462784,115.94448140206885
23,13,51.64978575379998,0.12261048041536364,36.0,10,0.7,-102.76516217846482,5.564955922549672,0.7702535414282112,116.9109955117981
23,14,51.647368397680516,0.12744851605780028,48.0,30,0.1,-101.02637398100268,6.9563460844302725,0.9338738388908592,115.06601683814552
24,0,51.68833613407597,0.06894940540430347,100.0,50,0.95,-99.45348316080202,2.6522755788737413,0.601610977028201,113.66572675054566
24,1,51.68592136574158,0.07379491831283878,118.0,10,0.7,-97.27660660027107,4.215959366083263,0.7325098226157161,111.47354949071399
24,2,51.68350639809029,0.07863991432081918,125.0,10,0.7,-94.71215469106917,4.7407137290813735,0.7476479469155939,108.83417850059296
24,3,51.68109123116063,0.08348439348551512,110.0,10,0.6,-97.3439789223934,3.6378853732460343,0.7151812116966288,111.55637635829085
24,4,51.67867586499109,0.08832835586420504,111.0,10,0.7,-97.79703625395072,3.979120290453011,0.7254916818733923,112.00943368984818
24,5,51.676260299620246,0.0931718015141754,71.0,10,0.6,-98.97913344842289,4.7234580182889,0.7471592874341606,113.12496678175621
24,6,51.67384453508658,0.09801473049272055,58.0,50,0.95,-96.09375412781662,5.601960141002787,0.6565949841860887,110.12431823038071
24,7,51.67142857142858,0.10285714285714287,54.0,10,0.6,-96.83970309633179,5.349021429020325,0.7644715709755968,110.87011335274201
24,8,51.66901240868476,0.10769903866475264,72.0,30,0.1,-105.22498561895618,3.7818120223601634,0.8530727627221582,119.22576483973539
24,9,51.666596046893616,0.1125404179728681,66.0,10,0.6,-102.25782089723998,4.990922552529169,0.7546629752819285,116.27115423057334
24,10,51.66417948609361,0.1173812808388154,49.0,40,0.15,-105.40085359493445,5.593965442218166,0.8832415409357389,119.4016328157137
24,11,51.66176272632323,0.1222216273199286,39.0,40,0.25,-103.81787543742811,4.667329041392042,0.8571517701095063,117.85751829457092
24,12,51.65934576762098,0.12706145747354972,32.0,40,0.15,-105.10446623959979,4.731028229390147,0.8590905758022168,119.14410909674262
24,13,51.65692861002528,0.1319007713570286,24.0,40,0.15,-103.18041419027745,3.1152584224663356,0.8027885111707123,117.18041419027742
24,14,51.654511253574604,0.136739569027723,35.0,10,0.7,-102.64314541744807,4.311266296775119,0.7353016494309577,116.78897875078137
25,0,51.6954789899678,0.07822976831584116,62.0,40,0.15,-107.28073443444667,1.501456792697757,0.7311301783111802,121.28151365522588
25,1,51.69306422196542,0.08307604634843743,78.0,10,0.7,-100.74657415093074,5.377891932046709,0.76525041857917,114.75990748426408
25,2,51.69064925459501,0.08792180726641761,100.0,40,0.15,-102.09741173409921,4.746000908753267,0.8595430925554145,116.13705459124205
25,3,51.68823408789512,0.09276705112708171,115.0,10,0.6,-97.87982378586325,3.9580757328863942,0.7248625699915089,112.0922212217607
25,4,51.685818721904276,0.09761177798773774,92.0,10,0.7,-98.55254347875207,3.4427845636797834,0.7091826462287274,112.76478706849569
25,5,51.68340315666104,0.10245598790570168,67.0,30,0.15,-104.84703034220678,3.924298897209172,0.858003246817021,118.98780956298602
25,6,51.68098739220391,0.10729968093829749,60.0,10,0.7,-104.10574122038089,6.0908010696411425,0.7839135454479407,118.11907455371426
25,7,51.67857142857143,0.11214285714285714,52.0,40,0.25,-105.21779888861141,5.670742320201295,0.885206448277518,119.21857810939063
25,8,51.67615526580211,0.11698551657672049,43.0,10,0.7,-101.56366317460923,5.371039047472133,0.7650657081272877,115.70949650794255
25,9,51.673738903934435,0.12182765929723538,57.0,30,0.15,-101.61351090861751,5.461450712318726,0.9028417502635071,115.72382043242706
25,10,51.67132234300691,0.1266692853617576,46.0,40,0.15,-102.79674393376237,6.274746032787729,0.8996811228263094,116.83638679090522
25,11,51.66890558305808,0.13151039482765076,35.0,40,0.25,-102.44779940782907,4.545128638376586,0.853370168918777,116.48744226497188
25,12,51.66648862412638,0.13635098775228655,31.0,40,0.15,-104.32499608475462,4.891704213863188,0.8638834139733959,118.47499608475458
25,13,51.66407146625029,0.14119106419304445,34.0,30,0.1,-102.70840036797141,5.928449507559435,0.91372311434403,116.74804322511426
25,14,51.66165410946832,0.1460306242073119,26.0,30,0.1,-100.78081094569775,4.398565283001314,0.8734262196999273,114.78081094569774
26,0,51.70262184585926,0.08751012901075379,77.0,40,0.15,-102.96911009864316,4.445387846815205,0.8502224670564174,116.96988931942235
26,1,51.70020707818897,0.09235717248442395,82.0,40,0.15,-102.23150515824045,5.06088302683943,0.8687806990510095,116.27114801538332
26,2,51.69779211109953,0.0972036986292994,99.0,10,0.7,-98.29603786858566,6.58214515211096,0.7961367875198664,112.44187120191897
26,3,51.69537694462947,0.10204970750270974,111.0,50,0.8,-100.29236250554997,5.869459209050753,0.6614038980355418,114.43819583888332
26,4,51.69296157881738,0.10689519916199253,101.0,30,0.1,-98.13131408029105,3.151582134817797,0.8295502278245543,112.24162360410057
26,5,51.6905460137018,0.11174017366449338,74.0,10,0.6,-100.49700975005382,5.217707211864931,0.7609065518375813,114.64284308338716
26,6,51.68813024932126,0.11658463106756584,60.0,50,0.95,-104.26146981344681,6.479409568250377,0.6722441817109311,118.40730314678008
26,7,51.68571428571429,0.12142857142857144,62.0,30,0.15,-103.18523271214082,6.907190715562388,0.9330188020411323,117.22487556928367
26,8,51.683298122919446,0.12627199480487972,54.0,10,0.7,-102.53566652791653,5.463261840814415,0.7675430060409278,116.68149986124985
26,9,51.68088176097525,0.1311149012538681,40.0,30,0.15,-102.47580721969808,6.2642305893324055,0.920852346495028,116.46289055303136
26,10,51.67846519992018,0.135957290832922,38.0,30,0.1,-105.82712004004765,4.098714677887469,0.8638497866857177,119.82789926082687
26,11,51.6760484397928,0.14079916359943476,35.0,40,0.25,-104.21460397825862,4.11815586654058,0.839503561501761,118.25424683540143
26,12,51.673631480631585,0.14564051961080757,47.0,10,0.7,-102.45294264110075,6.062940895950451,0.783204807401583,116.46627597443408
26,13,51.67121432247503,0.15048135892444967,79.0,30,0.1,-105.57181757213374,2.736463501559072,0.8124806076430251,119.74140090546706
26,14,51.66879696536164,0.15532168159777812,63.0,10,0.7,-103.8909689407814,3.821814491390963,0.7207675654797959,117.91555227411475
27,0,51.709764701750295,0.09679048748782498,70.0,40,0.15,-101.38407653171994,5.426249480891912,0.878847613163256,115.38485575249916
27,1,51.70734993441222,0.10163829671975598,69.0,40,0.15,-95.47840061041899,6.562402354407288,0.9059877411887286,109.51804346756184
27,2,51.70493496760385,0.10648558840859614,78.0,30,0.1,-95.59347565710432,6.828332686308787,0.9316256395251368,109.63311851424719
27,3,51.70251980136371,0.11133236261170461,97.0,50,0.8,-94.75392952186705,5.270024112080729,0.6505827945775461,108.78433977827726
27,4,51.70010443573041,0.11617861938644862,112.0,50,0.95,-92.23644655270787,4.447631592957694,0.6354826241217292,106.13457353683481
27,5,51.69768887074252,0.12102435879020336,94.0,10,0.6,-101.73761749239324,4.283826549430961,0.7344997713476327,115.76220082572658
27,6,51.69527310643858,0.125869580880352,78.0,40,0.15,-103.00608569943125,4.561748411454814,0.8538893120212815,117.0068649202105
27,7,51.69285714285714,0.13071428571428573,61.0,40,0.25,-105.03274619824619,5.176395373846999,0.8720379093197824,119.07238905538901
27,8,51.690440980036776,0.13555847334940369,48.0,40,0.15,-102.9393163299119,5.338774632660079,0.8764997953977254,116.97895918705471
27,9,51.688024618016,0.14040214384311295,53.0,40,0.25,-103.6014395673771,5.857541659016079,0.8898672085259566,117.64108242451994
27,10,51.685608056833345,0.14524529725282861,50.0,40,0.15,-103.36510848587692,6.393830635684834,0.9023363277303578,117.40475134301977
27,11,51.683191296527376,0.15008793363597364,63.0,30,0.15,-101.24793742776832,5.580257188603877,0.905720929341039,115.24871664854754
27,12,51.68077433713657,0.15493005304997892,94.0,10,0.7,-101.08180849991508,5.213252167644446,0.7607849562017491,115.22764183324841
27,13,51.67835717869945,0.15977165555228334,61.0,40,0.15,-105.7374972225487,4.805779566574204,0.8613376673315539,119.7771400796916
27,14,51.67593982125456,0.16461274120033373,68.0,10,0.7,-101.04069903993066,5.375125021383845,0.7651758522771264,115.186532373264
28,0,51.71690755764095,0.10607084374583743,74.0,40,0.15,-98.59489490778832,5.851067048046981,0.8897084746593924,112.63453776493117
28,1,51.71449279063519,0.11091941905339035,82.0,40,0.15,-95.98315761322011,6.534459268081847,0.905391045516937,110.02280047036298
28,2,51.71207782410795,0.11576747660343872,91.0,40,0.15,-99.2088750665185,5.806170962188395,0.8886022646283156,113.24851792366132
28,3,51.70966265809781,0.12061501645337125,107.0,40,0.25,-99.87272948538389,4.365567223892377,0.8476634941539513,113.94417537282978
28,4,51.70724729264338,0.1254620386605848,116.0,10,0.7,-93.81508664432835,4.095654753824606,0.7289591630060728,107.72682473956642
28,5,51.70483172778321,0.13030854328248426,110.0,30,0.15,-90.6044542030682,7.529807230759434,0.9431251648019742,104.54514528975932
28,6,51.70241596355589,0.13515453037648237,109.0,10,0.7,-97.93593388369025,3.2594571848086553,0.7034787068376995,112.15666465292102
28,7,51.7,0.14,86.0,40,0.25,-99.996313457376,5.223625064866764,0.8733496959101785,114.03595631451884
28,8,51.69758383715409,0.14484495221046595,87.0,30,0.1,-106.65373516883442,2.9495121447180277,0.8214002739572382,120.65451438961361
28,9,51.695167475056735,0.14968938706531695,109.0,30,0.15,-105.19343779178342,3.331140200934684,0.8365418091791572,119.32468779178343
28,10,51.69275091374646,0.15453330462199777,101.0,30,0.1,-104.35970601008466,3.2250411691249923,0.8324388668664751,118.52928934341799
28,11,51.69033415326183,0.15937670493796108,103.0,10,0.6,-97.39419320810768,3.592891956940118,0.7138044636258114,111.60643679785127
28,12,51.68791719364137,0.16421958807066747,99.0,30,0.1,-102.18651441006102,5.14623476498991,0.8948196538016142,116.10490726720391
28,13,51.68550003492361,0.16906195407758548,95.0,30,0.1,-103.12224961190772,4.4861080778977644,0.8761113766342435,117.12302883268694
28,14,51.68308267714707,0.17390380301619163,82.0,40,0.15,-101.60753182642524,5.546449678243582,0.8820109262949317,115.64717468356808
